00102fa4;FUN_00102fa4;.\src\objTerrainObj.cpp
001089c4;FUN_001089c4;.\library\CTRFramework\amUtility.cpp
0010a35c;FUN_0010a35c;.\src\gmCamera.cpp
0010a3fc;FUN_0010a3fc;.\src\gmGmkBar.cpp
0010b980;FUN_0010b980;.\src\gmEneKiki.cpp
0010b9ec;FUN_0010b9ec;.\src\gmFarBgZ1.cpp
0010ba20;FUN_0010ba20;.\src\gmFarBgZ2.cpp
0010ba50;FUN_0010ba50;.\src\gmFarBgZ3.cpp
0010ba90;FUN_0010ba90;.\src\gmFarBgZ4.cpp
0010bac0;FUN_0010bac0;.\src\gmFarBgZ5.cpp
0010baf0;FUN_0010baf0;.\src\gmFarBgZ6.cpp
0010bb24;FUN_0010bb24;.\src\gmFarBgZ7.cpp
0010bb58;FUN_0010bb58;.\src\gmGmkFish.cpp
0010bcc8;FUN_0010bcc8;.\src\gmGmkFlap.cpp
0010bd3c;FUN_0010bd3c;.\src\gmGmkGoal.cpp
0010be6c;FUN_0010be6c;.\src\gmGmkGull.cpp
0010bee0;FUN_0010bee0;.\src\gmGmkJack.cpp
0010c060;FUN_0010c060;.\src\gmGmkLand.cpp
0010c1e0;FUN_0010c1e0;.\src\gmGmkOrcaMove.cpp
0010c2b8;FUN_0010c2b8;.\src\gmGmkRock.cpp
0010c318;FUN_0010c318;.\src\gmGmkSlot.cpp
0010f43c;FUN_0010f43c;.\src\gmEneHidun.cpp
0010f4ac;FUN_0010f4ac;.\src\gmEneSweep.cpp
0010f554;FUN_0010f554;.\src\gmGmkCorkScrew.cpp
0010f70c;FUN_0010f70c;.\src\gmGmkDepthCtrl.cpp
0010f8c4;FUN_0010f8c4;.\src\gmGmkPrism.cpp
0010f93c;FUN_0010f93c;.\src\gmGmkSPipe.cpp
001112e0;FUN_001112e0;.\src\gmEneBeeton.cpp
00111350;FUN_00111350;.\src\gmEneMeleon.cpp
001113c0;FUN_001113c0;.\src\gmEneMotora.cpp
0011142c;FUN_0011142c;.\src\gmEneTefutefu.cpp
0011149c;FUN_0011149c;.\src\gmEneTonber.cpp
0011150c;FUN_0011150c;.\src\gmFarBgZ3_2.cpp
0011158c;FUN_0011158c;.\src\gmGmkAirFan.cpp
00111604;FUN_00111604;.\src\gmGmkBridge.cpp
00111784;FUN_00111784;.\src\gmGmkBubble.cpp
00111810;FUN_00111810;.\src\gmGmkBumper.cpp
0011198c;FUN_0011198c;.\src\gmGmkNeedle.cpp
00111b18;FUN_00111b18;.\src\gmGmkPulley.cpp
00111d08;FUN_00111d08;.\src\gmGmkRocket.cpp
00111d6c;FUN_00111d6c;.\src\gmGmkRoller.cpp
00111dd0;FUN_00111dd0;.\src\gmGmkSpring.cpp
00111f40;FUN_00111f40;.\src\gmGmkSwitch.cpp
001120b0;FUN_001120b0;.\src\gmGmkUpReel.cpp
00112ec8;FUN_00112ec8;.\src\gsLayout.cpp
00112f84;FUN_00112f84;.\src\gsSaveData.cpp
00113140;FUN_00113140;.\src\gsSound.cpp
00115ec8;FUN_00115ec8;SCENE_GAME_POST
00116540;FUN_00116540;.\library\CTRFramework\amCriADX2.cpp
00116a8c;FUN_00116a8c;E2010072223:FileInputStream::TrySeek() error. (offset HI=0x%08x,LO=0x%08x) | E2010072224:FileInputStream::TryRead() error.
001173f8;FUN_001173f8;.\src\gmMap.cpp
0011889c;FUN_0011889c;.\src\dmScriptAyks.cpp
00118a6c;FUN_00118a6c;.\src\dmScriptMsg.cpp
00118d48;FUN_00118d48;.\src\gmEneEggpawn.cpp
00118db8;FUN_00118db8;.\src\gmEneFlapper.cpp
00118e28;FUN_00118e28;.\src\gmEneGuardon.cpp
00118e98;FUN_00118e98;.\src\gmEneKureagen.cpp
00118f08;FUN_00118f08;.\src\gmEneSpinner.cpp
00119274;FUN_00119274;.\src\GmGmkBalloon.cpp
001192ec;FUN_001192ec;.\src\gmGmkDTarget.cpp
00119468;FUN_00119468;.\src\gmGmkDolphin.cpp
001194e0;FUN_001194e0;.\src\gmGmkFlipper.cpp
001196d4;FUN_001196d4;.\src\gmGmkItemBox.cpp
00119870;FUN_00119870;.\src\gmGmkKeepOut.cpp
001198d0;FUN_001198d0;.\src\gmGmkSliding.cpp
00119948;FUN_00119948;.\src\gmGmkTerrain.cpp
00119a54;FUN_00119a54;.\src\gmGmkWallRun.cpp
00119acc;FUN_00119acc;.\src\gmGmkWaterArea.cpp | GMK WATER PLANE
0011a000;FUN_0011a000;.\src\gmGmkWispBox.cpp
0011a174;FUN_0011a174;.\src\gmGmkWoodBox.cpp
0011afbc;FUN_0011afbc;GAME/PARAM/G_PARAM_RESULT_CAMERA.bprm
0011cb14;FUN_0011cb14;.\library\CTRFramework\amUtility.cpp
0011e64c;FUN_0011e64c;.\src\objTask.cpp
0011ea3c;FUN_0011ea3c;.\src\gmEneBatabata.cpp
0011eaac;FUN_0011eaac;.\src\gmEneEggpawnY.cpp
0011eb18;FUN_0011eb18;.\src\gmEneGanigani.cpp
0011eb88;FUN_0011eb88;.\src\gmEneMogumogu.cpp
0011ebf8;FUN_0011ebf8;.\src\gmEneRenotank.cpp
0011ecb4;FUN_0011ecb4;.\src\gmGmkBurnWall.cpp
0011ee20;FUN_0011ee20;.\src\gmGmkDashRing.cpp
0011ef98;FUN_0011ef98;.\src\gmGmkEggTotem.cpp
0011f18c;FUN_0011f18c;.\src\gmGmkElevator.cpp
0011f218;FUN_0011f218;.\src\gmGmkSign.cpp
0011f278;FUN_0011f278;.\src\gmGmkMushJump.cpp
0011f3f8;FUN_0011f3f8;.\src\gmGmkMushWall.cpp
0011f568;FUN_0011f568;.\src\gmGmkNeonLand.cpp
0011f718;FUN_0011f718;.\src\gmGmkOrcaJump.cpp
0011f8a4;FUN_0011f8a4;.\src\gmGmkTimeHole.cpp
0011f91c;FUN_0011f91c;.\src\gmGmkWaterGun.cpp
0011fa04;FUN_0011fa04;.\src\gmGmkWaterJet.cpp
00120424;FUN_00120424;.\src\gsNetMatch.cpp
00121fc0;FUN_00121fc0;.\src\gmEffect.cpp
0012495c;FUN_0012495c;.\src\gmEneBlueeagle.cpp
001249d0;FUN_001249d0;.\src\gmEneGunhunter.cpp
00124a64;FUN_00124a64;.\src\gmGmkBEDSearch.cpp
00124ac8;FUN_00124ac8;.\src\gmGmkBreakLand.cpp
00124c40;FUN_00124c40;.\src\gmGmkBreakPier.cpp
00124cb8;FUN_00124cb8;.\src\gmGmkClpsTotem.cpp
00124e28;FUN_00124e28;.\src\gmGmkDashPanel.cpp
00124fa4;FUN_00124fa4;.\src\gmGmkFireTotem.cpp
0012513c;FUN_0012513c;.\src\gmGmkJumpStand.cpp
001252b0;FUN_001252b0;.\src\gmGmkPointCage.cpp
00125458;FUN_00125458;.\src\gmGmkPropeller.cpp
001254c0;FUN_001254c0;.\src\gmGmkPushFloor.cpp
001255d4;FUN_001255d4;.\src\gmGmkWaterArea.cpp
00125774;FUN_00125774;.\src\gmGmkWaterFlow.cpp
001258fc;FUN_001258fc;.\src\gmGmkWaterLand.cpp
00125a28;FUN_00125a28;.\src\gmMissionParam.cpp
00125fa4;FUN_00125fa4;.\src\gmPlyEffect.cpp
0012887c;FUN_0012887c;.\library\CTRFramework\amUtility.cpp
0012a578;FUN_0012a578;.\src\dmScriptCredit.cpp
0012a8b0;FUN_0012a8b0;.\src\gmEneMonobeetle.cpp
0012a950;FUN_0012a950;.\src\gmGmkLaserTotem.cpp
0012a9c8;FUN_0012a9c8;.\src\gmGmkMushWeight.cpp
0012ab3c;FUN_0012ab3c;.\src\gmGmkPoleMoveLR.cpp
0012acb0;FUN_0012acb0;.\src\gmGmkPoleMoveUD.cpp
0012ae34;FUN_0012ae34;.\src\gmGmkSpringPole.cpp
0012afac;FUN_0012afac;.\src\gmGmkWaterWheel.cpp
0012b15c;FUN_0012b15c;.\src\gmGmkZ1Special1.cpp
0012b468;FUN_0012b468;.\src\gmGmkZ3Special1.cpp
0012b4d0;FUN_0012b4d0;.\src\gmGmkZ4Special1.cpp
0012b554;FUN_0012b554;.\src\gmGmkAirShip.cpp
0012b5cc;FUN_0012b5cc;.\src\gmGmkBigEggDiver.cpp
0012b634;FUN_0012b634;.\src\gmGmkZ7Special1.cpp
0012b6b4;FUN_0012b6b4;.\src\gmGmkZ7Special2.cpp
0012bcec;FUN_0012bcec;.\src\gmRaceManager.cpp
00130600;FUN_00130600;.\src\gmGmkArrivePoint.cpp
001306a4;FUN_001306a4;.\src\gmGmkBombBalloon.cpp
0013070c;FUN_0013070c;.\src\gmGmkBreakPillar.cpp
00130804;FUN_00130804;.\src\gmGmkPsychoSmash.cpp
001308d0;FUN_001308d0;.\src\gmGmkMissionWall.cpp
00130a40;FUN_00130a40;.\src\gmGmkPointMarker.cpp
00130c14;FUN_00130c14;.\src\gmGmkSpecifyArea.cpp
00130e80;FUN_00130e80;.\src\gmGmkVineStretch.cpp
00130ff0;FUN_00130ff0;.\src\gmGmkVineTwisted.cpp
00131160;FUN_00131160;.\src\gmGmkWaterSlider.cpp
001311c4;FUN_001311c4;.\src\gmGmkWaterStream.cpp
00131a00;FUN_00131a00;.\src\gmResult.cpp
00135d9c;FUN_00135d9c;.\src\gmGmkBEDBlockWall.cpp
00135e00;FUN_00135e00;.\src\gmGmkBEDBreakWall.cpp
00135e64;FUN_00135e64;.\src\gmGmkBeltConveyor.cpp
00136008;FUN_00136008;.\src\gmGmkChargeSpring.cpp
00136190;FUN_00136190;.\src\gmGmkElevatorBody.cpp
00136310;FUN_00136310;.\src\gmGmkNumberSpring.cpp
001364d4;FUN_001364d4;.\src\gmGmkAirShip.cpp
0013673c;FUN_0013673c;GAME/PLAYER/sonic_c.bprm | GAME/PLAYER/sonic_m.bprm
0013bf4c;FUN_0013bf4c;.\src\gmDecoEffect.cpp
0013c140;FUN_0013c140;.\src\gmDecoEffect.cpp
0013c1c4;FUN_0013c1c4;.\src\gmGmkDashRingLayer.cpp
0013c3f8;FUN_0013c3f8;.\src\gmGmkSpikeIronBall.cpp
0013d724;FUN_0013d724;.\library\CTRFramework\amCriFS.cpp
0013f8bc;FUN_0013f8bc;GMK MUSH_JUMP
00141188;FUN_00141188;.\src\gmEneEggpawnWelcome.cpp
0014120c;FUN_0014120c;.\src\gmGmkWallRun.cpp
0014132c;FUN_0014132c;.\src\gmGmkWaterGenerator.cpp
001420cc;FUN_001420cc;.\src\dmScriptAyks.cpp
00145104;FUN_00145104;.\src\gmGmkBurningCatapult.cpp
001455d8;FUN_001455d8;.\src\GmGmkZ7SpecialMeteor.cpp
00146a2c;FUN_00146a2c;E2010080509:failed to allocate nn::snd::Voice handle.
00147de4;FUN_00147de4;.\src\scCollectModelMenu.cpp
0014a3cc;FUN_0014a3cc;.\library\CTRFramework\amCriADX2.cpp
0014a478;FUN_0014a478;.\library\CTRFramework\amDrawUtility.cpp
0014e5d0;FUN_0014e5d0;.\src\gmDecoEffect.cpp
0014e7c4;FUN_0014e7c4;Job.cpp
0014ee48;FUN_0014ee48;.\src\dmScriptAyks.cpp
00150a40;FUN_00150a40;.\src\gsMiiUtility.cpp
00154394;FUN_00154394;.\src\dmScriptAyks.cpp
0015aefc;FUN_0015aefc;CallContext.cpp | GetState()==CallContext::CallInProgress
0015b5dc;FUN_0015b5dc;DOCallContext.cpp
0015b820;FUN_0015b820;.\src\gsMiiUtility.cpp
0015bbc4;FUN_0015bbc4;SystemComponent.cpp
0015c458;FUN_0015c458;.\src\Network\CNetwork.cpp
0016076c;FUN_0016076c;.\src\gmFarBgZ1.cpp
00161810;FUN_00161810;.\src\gmFarBgZ3.cpp
00161fc8;FUN_00161fc8;.\src\gmFarBgZ4.cpp
001625b0;FUN_001625b0;.\src\gmFarBgZ5.cpp
00162a88;FUN_00162a88;.\src\gmFarBgZ6.cpp
0016382c;FUN_0016382c;GMK FISH
001644c0;FUN_001644c0;GMK PRISM
00164ec4;FUN_00164ec4;GMK GULL
00165874;FUN_00165874;GMK JACK
001666b0;FUN_001666b0;GMK LAND
00167ce8;FUN_00167ce8;GMK ROCK
00168208;FUN_00168208;GMK SIGN
00169184;FUN_00169184;GMK SLOT
0016a52c;FUN_0016a52c;.\src\ssEmerald.cpp
0016b280;FUN_0016b280;.\library\CTRFramework\amDraw3DPrim.cpp
0016d988;FUN_0016d988;GMK BOMB BALLOON
0016ef7c;FUN_0016ef7c;.\src\dmObject.cpp
0016f0b0;FUN_0016f0b0;.\src\dmObjScnMgr.cpp
0016f390;FUN_0016f390;.\src\dmObjScnMgr.cpp
0016f7c0;FUN_0016f7c0;.\src\dmObjScnMgr.cpp
0016f844;FUN_0016f844;.\src\dmObjScnMgr.cpp
001732a0;FUN_001732a0;.\src\gmEneHidun.cpp
00176afc;FUN_00176afc;GMK PRISM
0017745c;FUN_0017745c;GMK PIPE S
001785f4;FUN_001785f4;.\src\Boss\FinalBoss\gmFBDebrisMng.cpp
0017e160;FUN_0017e160;.\src\Boss\FinalBoss\gmFBTimeEater.cpp
00182638;FUN_00182638;.\src\gmEneBeeton.cpp
00184308;FUN_00184308;.\src\gmEneMeleon.cpp
001875c4;FUN_001875c4;.\src\gmFarBgZ3_2.cpp
00188f08;FUN_00188f08;GMK BRIDGE
001898c8;FUN_001898c8;.\src\gmGmkBubble.cpp
00189990;FUN_00189990;GMK BUBBLE
0018b760;FUN_0018b760;GMK BUMPER
0018d3d0;FUN_0018d3d0;GMK NEEDLE
0018e87c;FUN_0018e87c;GMK PULLEY
0018fcdc;FUN_0018fcdc;.\src\gmGmkRocket.cpp | GMK ROCKET
0019076c;FUN_0019076c;GMK ROLLER
001927ac;FUN_001927ac;GMK SPRING
001933a0;FUN_001933a0;GMK SWITCH
00194bac;FUN_00194bac;.\src\gsMiiRender.cpp
00194e78;FUN_00194e78;.\src\gsMiiRender.cpp
00194f14;FUN_00194f14;.\src\gsMiiRender.cpp
001988c4;FUN_001988c4;.\src\dmObject.cpp
00198d68;FUN_00198d68;.\src\dmObject.cpp
0019dcec;FUN_0019dcec;.\src\gmEneKureagen.cpp
0019fd94;FUN_0019fd94;GMK AIR SHIP
001a151c;FUN_001a151c;GMK BALLOON
001a26bc;FUN_001a26bc;GMK DROP TARGET
001a572c;FUN_001a572c;GMK FLIPPER
001a6c14;FUN_001a6c14;GMK ITEM_BOX
001a7980;FUN_001a7980;GMK KEEP OUT
001a7e30;FUN_001a7e30;GMK SLIDING
001a857c;FUN_001a857c;GMK TERRAIN
001a9bc0;FUN_001a9bc0;GMK WALL RUN
001aac2c;FUN_001aac2c;GMK WISP BOX
001aba20;FUN_001aba20;GMK WOOD_BOX
001ac25c;FUN_001ac25c;.\src\gsMiiUtility.cpp
001ac75c;FUN_001ac75c;.\src\gsMiiUtility.cpp
001b2268;FUN_001b2268;.\src\scWhiteMapMenu.cpp
001b362c;FUN_001b362c;.\src\Network\Global\CGlobalNetwork.cpp
001b6408;FUN_001b6408;.\src\gmDeco.cpp
001ba280;FUN_001ba280;.\src\gmEneGanigani.cpp
001bbc80;FUN_001bbc80;.\src\gmEneMogumogu.cpp
001bffec;FUN_001bffec;GMK BURN WALL
001c0dc8;FUN_001c0dc8;GMK DASH RING
001c14c0;FUN_001c14c0;GMK EGG TOTEM
001c2080;FUN_001c2080;GMK ELEVATOR
001c32dc;FUN_001c32dc;GMK GOALRING
001c3964;FUN_001c3964;GMK MUSH_JUMP
001c4a10;FUN_001c4a10;GMK MUSH_WALL
001c564c;FUN_001c564c;GMK NEON LAND
001c71c4;FUN_001c71c4;GMK ORCA MOVE
001c7ec4;FUN_001c7ec4;GMK TIME HOLE
001c9734;FUN_001c9734;GMK WATER GUN
001ca2c8;FUN_001ca2c8;.\src\gmGmkWaterGun.cpp
001caed8;FUN_001caed8;GMK WATER JET
001cbec8;FUN_001cbec8;.\src\gmRaceManager.cpp
001cd6c4;FUN_001cd6c4;.\src\gmRaceManager.cpp
001d1598;FUN_001d1598;.\src\Boss\FinalBoss\gmFBTimeEaterArm.cpp
001d1744;FUN_001d1744;.\src\Boss\FinalBoss\gmFBTimeEaterArm.cpp
001d2a8c;FUN_001d2a8c;.\src\gmEneBlueeagle.cpp
001d2f34;FUN_001d2f34;.\src\gmEneBlueeagle.cpp
001d47e0;FUN_001d47e0;.\src\gmEneGunhunter.cpp
001d6e94;FUN_001d6e94;GMK BED SEARCH
001d7cb4;FUN_001d7cb4;GMK BREAK LAND
001d855c;FUN_001d855c;GMK BREAK PIER
001d9020;FUN_001d9020;GMK CLPS TOTEM
001da08c;FUN_001da08c;GMK Z-CTRL
001da7c4;FUN_001da7c4;GMK DASH PANEL
001db198;FUN_001db198;GMK Z-CTRL
001db8c4;FUN_001db8c4;GMK FIRE TOTEM
001dc1b8;FUN_001dc1b8;GMK GOALPANEL
001dca74;FUN_001dca74;GMK JUMP STAND
001de194;FUN_001de194;GMK POINT CAGE
001df534;FUN_001df534;GMK PROPELLER
001e0c5c;FUN_001e0c5c;GMK PUSH FLOOR
001e1a68;FUN_001e1a68;GMK WATER_AREA
001e1f60;FUN_001e1f60;GMK WATER FLOW
001e2c30;FUN_001e2c30;GMK WATER LAND
001e5b54;FUN_001e5b54;.\src\scCecLoglistMenu.cpp
001ebf4c;FUN_001ebf4c;GMK LASER TOTEM
001ed62c;FUN_001ed62c;GMK POLE_MoveLR
001ee214;FUN_001ee214;GMK POLE_MoveUD
001eec8c;FUN_001eec8c;GMK ROCKET BASE
001ef06c;FUN_001ef06c;GMK SOUP BUBBLE
001ef9e0;FUN_001ef9e0;GMK SPRING POLE
001f2294;FUN_001f2294;GMK Z1-2 Special1
001f4904;FUN_001f4904;GMK Z2 SPECIAL
001f6c48;FUN_001f6c48;GMK Z3-2 Special1
001f9568;FUN_001f9568;.\src\gmGmkZ4Special1.cpp | GMK Z4-2 Special1
001fa834;FUN_001fa834;GMK SP ZONE7 NO1 | VUUU.\src\gmGmkZ7Special1.cpp
00202124;FUN_00202124;.\src\dmObject.cpp
002025d4;FUN_002025d4;.\src\dmObject.cpp
00204424;FUN_00204424;.\src\gmGmkBigEggDiver.cpp | GMK BIG EGG DIVER
00204dac;FUN_00204dac;GMK BREAK PILLAR
002054cc;FUN_002054cc;GMK MISSION WALL
00206004;FUN_00206004;GMK POINT MARKER
00208734;FUN_00208734;GMK LAYER SPRING
002092f0;FUN_002092f0;GMK VINE_STRETCH
00209efc;FUN_00209efc;GMK VINE_TWISTED
0020afc8;FUN_0020afc8;GMK WATER SLIDER
0020b94c;FUN_0020b94c;GMK WATER STREAM
0020be24;FUN_0020be24;GMK PLY CTL MANAGER
00215618;FUN_00215618;GMK BED BLOCK WALL
00215d64;FUN_00215d64;GMK BED BREAK WALL
00216304;FUN_00216304;GMK BELT CNVR
00217044;FUN_00217044;GMK C SPRING
00217644;FUN_00217644;GMK ELEVATOR BODY
00217d90;FUN_00217d90;GMK ELEVATOR MOVE
00219538;FUN_00219538;GMK NUMBER SPRING
0021a084;FUN_0021a084;GMK ROCKET HANDLE
0021a394;FUN_0021a394;GMK TERRAIN ZONE2
0021ae04;FUN_0021ae04;GMK Z7SP1_ROCKET
0021d4f8;FUN_0021d4f8;.\src\lytPauseManual.cpp
00222124;FUN_00222124;GMK DASH RING
00222788;FUN_00222788;.\src\gmGmkOrcaJump.cpp | GMK ORCA JUMP | GMK ORCA JUMP STAND
002239d8;FUN_002239d8;GMK SPK IRON BALL
00225838;FUN_00225838;.\src\gmDeco.cpp
00226b5c;FUN_00226b5c;.\src\gmDeco.cpp
00227f44;FUN_00227f44;.\src\gmEneEggpawnWelcome.cpp
00229ea0;FUN_00229ea0;GMK WATER GENERATOR
0022b70c;FUN_0022b70c;.\src\lytCollectLower.cpp
002331e8;FUN_002331e8;GMK BURN CATA
00234034;FUN_00234034;GMK METEOR
00239e90;FUN_00239e90;GMK PF ONE STEP
0023a730;FUN_0023a730;.\src\lytEndCredit.cpp
0023bea4;FUN_0023bea4;.\src\gmGmkSpecifyAreaManager.cpp | GMK SPECIFY AREA MANAGER
002458d8;FUN_002458d8;.\src\Boss\EggEmperor\gmEggEmperor.cpp
00250468;FUN_00250468;.\src\Boss\BioLizard\gmBossBioLizard.cpp
002529a4;FUN_002529a4;.\src\Boss\BioLizard\gmBioStageManager.cpp
002546b4;FUN_002546b4;.\src\gmBoss01Stage.cpp
00255320;FUN_00255320;.\src\Boss\BioLizard\gmBioLizardEggManager.cpp
002696d4;FUN_002696d4;dsp::DSP
0026e490;FUN_0026e490;SystemError.cpp
0026e7f8;FUN_0026e7f8;DuplicatedObject.cpp | SessionDDL.cpp
0026f62c;FUN_0026f62c;DuplicatedObject.cpp
0026fb60;FUN_0026fb60;CallRegister::CancelCallToStation
0026fc24;FUN_0026fc24;CallRegister::CheckExpiredCalls
00270354;FUN_00270354;FetchContext.cpp
00270c6c;FUN_00270c6c;JobTerminate::StepWaitOnPendingJobs
00271eb8;FUN_00271eb8;SessionClock.cpp
00274554;FUN_00274554;E2007032001:TocInfo::rtv is null. | E2007032002:Specified num is more than the number of files(TocInfo::files).
00280fa8;FUN_00280fa8;.\library\CTRFramework\amMalloc.cpp
002813e8;FUN_002813e8;.\library\CTRFramework\amCmdList.cpp
0028345c;FUN_0028345c;.\library\CTRFramework\amDraw3DPrim.cpp
0028477c;FUN_0028477c;.\library\CTRFramework\amDebugPrint.cpp
00294c08;FUN_00294c08;E2008072101:CHeap::Not enough memory for Create. | W2008072100:CHeap::Pointer is NULL.
0029544c;FUN_0029544c;E2008072110:CHeapAlloc::CriCheap object is NULL.
00295518;FUN_00295518;E2007070502:CPK Analyzer::The work size is too poor. To inquire about the minimum size, use CriFsBinder_GetWorkSizeBindCpk function. | E2007070503:CPK Analyzer::Cannot possibly analyze the CPK File. To inquire about the minimum size, use CriFsBinder_GetWorkSizeBindCpk function. | E2009010903:CPK Analyzer::Cannot possibly analyze the CPK File. The heap user registrated is too small. | E2009022001:CPK Analyzer::CRC Error in TOC | E2009022002:CPK Analyzer::CRC Error in GTOC | E2011022805:CPK Analyzer::Cannot possibly analyze the CPK File. Not a CPK format. | E2011022806:CPK Analyzer::Cannot possibly analyze the CPK File. This CPK is broken.
00295d14;FUN_00295d14;E2008072120:CHeap::Cannot found the appropriate memory block. | E2008072121:Cheap::Must be last memory block. | E2009010911:CHeapFree::CriCheap object is NULL.
00299d30;FUN_00299d30;.\src\ssGimmick.cpp
0029ab24;FUN_0029ab24;.\src\Boss\FinalBoss\gmFBPlyModel.cpp
0029baa4;FUN_0029baa4;.\library\CTRFramework\amCamera.cpp
0029d3f0;FUN_0029d3f0;.\src\Boss\FinalBoss\gmFBCamera.cpp
0029d55c;FUN_0029d55c;.\src\ssMain.cpp
0029d744;FUN_0029d744;.\library\CTRFramework\amDraw3DPrim.cpp
0029e89c;FUN_0029e89c;.\library\CTRFramework\amAnimWrapper.cpp
0029e948;FUN_0029e948;.\src\tdsRes.cpp
002ac57c;FUN_002ac57c;JobBackEndServicesLogin::CompleteLogout
002adfec;FUN_002adfec;DuplicatedObject.cpp
002b172c;FUN_002b172c;DuplicatedObject.cpp
002b1888;FUN_002b1888;DuplicatedObject.cpp
002b1e04;FUN_002b1e04;DuplicatedObject.cpp
002b41ac;FUN_002b41ac;DuplicatedObject.cpp
002b4848;FUN_002b4848;Result.cpp
002b7a78;FUN_002b7a78;Result.cpp
002b8054;FUN_002b8054;ObjectThreadRoot.cpp
002b80f8;FUN_002b80f8;ObjectThreadRoot.cpp
002bcc84;FUN_002bcc84;Selection.cpp
002bea88;FUN_002bea88;Selection.cpp
002beff0;FUN_002beff0;DOCallContext.cpp
002c01c4;FUN_002c01c4;RMCContext.cpp
002c3454;FUN_002c3454;DOCallContext.cpp
002c3e0c;FUN_002c3e0c;DuplicatedObject.cpp
002c4248;FUN_002c4248;MethodIDGenerator.cpp
002c62c8;FUN_002c62c8;DOCallContext.cpp
002c6c44;FUN_002c6c44;Buffer.cpp
002d06f8;FUN_002d06f8;.\src\Boss\gmPlayerControllerBase.cpp
002d6490;FUN_002d6490;.\src\lytCtr.cpp
002d7c90;FUN_002d7c90;.\src\gmCamera.cpp
002daa14;FUN_002daa14;.\src\gsMiiUtility.cpp
002dc340;FUN_002dc340;.\src\gmGmkElevator.cpp
002dcc04;FUN_002dcc04;.\src\gmEneKiki.cpp
002ded18;FUN_002ded18;Session.cpp
002df168;FUN_002df168;CallContext.cpp
002df764;FUN_002df764;CallContext.cpp | GetState()==CallContext::CallInProgress
002dff44;FUN_002dff44;.\src\scWhiteMapResource.cpp
002e5f00;FUN_002e5f00;GMK BIG BUBBLE
002ea430;FUN_002ea430;.\src\Boss\FinalBoss\gmFBDebrisMng.cpp
002eb538;FUN_002eb538;.\src\Boss\FinalBoss\gmFBEffect.cpp
002ecd50;FUN_002ecd50;.\src\dmObjScnMgr.cpp
002ef67c;FUN_002ef67c;GMK FLAP PATH_COL
002efbe4;FUN_002efbe4;.\src\gmFarBg.cpp
002f0390;FUN_002f0390;.\src\gmFarBg.cpp
002f0f4c;FUN_002f0f4c;.\src\objObject.cpp
002f10e4;FUN_002f10e4;.\src\gmFarBg.cpp
002f1e9c;FUN_002f1e9c;.\src\gmEneKiki.cpp
002f4a88;FUN_002f4a88;.\src\gmPly.cpp | GAME/PLAYER/sonic_c.bprm | GAME/PLAYER/sonic_m.bprm
002f5860;FUN_002f5860;Result.cpp
002f5894;FUN_002f5894;Result.cpp
002f67cc;FUN_002f67cc;DuplicatedObject.cpp
002f7fdc;FUN_002f7fdc;Scheduler.cpp
002f8440;FUN_002f8440;.\src\lytCtr.cpp
002f8604;FUN_002f8604;.\src\lytCtr.cpp
002fd100;FUN_002fd100;.\library\CTRFramework\amDebugScreen.cpp
002fdb7c;FUN_002fdb7c;.\library\CTRFramework\amPartialMalloc.cpp
002fdf64;FUN_002fdf64;.\src\objCollision.cpp
002ff6a8;FUN_002ff6a8;.\library\CTRFramework\amAnimWrapper.cpp
002ffd54;FUN_002ffd54;.\library\CTRFramework\amAnimWrapper.cpp
00302adc;FUN_00302adc;.\src\objRes.cpp
00303574;FUN_00303574;.\src\dmObjScnMgr.cpp
00303860;FUN_00303860;.\src\gmDeco.cpp
00303ba0;FUN_00303ba0;.\src\mnCommonLayout.cpp
00308880;FUN_00308880;.\library\CTRFramework\amMatAnimWrapper.cpp
0030d4d8;FUN_0030d4d8;.\library\CTRFramework\amLayout.cpp
0030d554;FUN_0030d554;.\library\CTRFramework\amLayout.cpp
00311330;FUN_00311330;.\src\gmGmkLensFlare.cpp | GMK LENS FLARE
0031189c;FUN_0031189c;.\src\gmDeco.cpp
003129cc;FUN_003129cc;.\library\CTRFramework\amParticleWrapper.cpp
003136a0;FUN_003136a0;.\src\mnCommonLayout.cpp
00315778;FUN_00315778;.\library\CTRFramework\amUtility.cpp
00316994;FUN_00316994;.\library\CTRFramework\amMatAnimWrapper.cpp
00316e04;FUN_00316e04;.\library\CTRFramework\amAnimWrapper.cpp
0031d680;FUN_0031d680;.\library\CTRFramework\amDraw3DPrim.cpp
00320254;FUN_00320254;.\library\CTRFramework\amCriFS.cpp
00321384;FUN_00321384;.\src\lytCtr.cpp
00322bf4;FUN_00322bf4;.\src\dmScriptVM.cpp
00327140;FUN_00327140;.\library\CTRFramework\amUtility.cpp
00327a24;FUN_00327a24;.\library\CTRFramework\amCmdCache.cpp
00329150;FUN_00329150;.\src\gmPlyEffect.cpp
00329fc8;FUN_00329fc8;.\src\objObject.cpp
0032a238;FUN_0032a238;.\src\objObject.cpp
0032ab3c;FUN_0032ab3c;.\src\gmSceneEnvironment.cpp
0032b540;FUN_0032b540;.\src\gsMiiUtility.cpp
0032b600;FUN_0032b600;.\src\gsMiiUtility.cpp
0032b8a0;FUN_0032b8a0;.\library\CTRFramework\amCriFS.cpp
00335218;FUN_00335218;.\src\objTask.cpp
003358e8;FUN_003358e8;.\src\lytCtr.cpp
00338ab4;FUN_00338ab4;DOCallContext.cpp
00338c84;FUN_00338c84;DOCallContext.cpp
00339878;FUN_00339878;InstanceTable.cpp
00339e5c;FUN_00339e5c;(IsDisconnecting() && !Core::GetTerminateImmediately()) | PRUDPEndPoint.cpp
0033b414;FUN_0033b414;(IsConnecting() && !Core::GetTerminateImmediately()) | PRUDPEndPoint.cpp
00340d24;FUN_00340d24;JobJoinSession::InitiateDisconnect
00340da8;FUN_00340da8;JobJoinSession::CompleteJob | JobJoinSession::InitiateDisconnect
00341184;FUN_00341184;JobJoinSession::ConnectivityTestFailed | JobJoinSession::SendJoinRequest
00341370;FUN_00341370;JobJoinSession::JoinFailed | JobJoinSession::WaitForResponse
00341740;FUN_00341740;JobJoinSession::CompleteJob | JobJoinSession::InitiateConnection
00341810;FUN_00341810;JobJoinSession::JoinFailed | JobJoinSession::ProcessConnectionResult
00341a38;FUN_00341a38;JobJoinSession::CompleteDisconnect
00341ce4;FUN_00341ce4;JobJoinSession::CompleteJob | JobJoinSession::InitiateDisconnect
0034223c;FUN_0034223c;JobJoinSession::InitiateConnectivityTests | JobJoinSession::JoinFailed | JobJoinSession::SendJoinRequest
003423a0;FUN_003423a0;JobJoinSession::JoinFailed | JobJoinSession::WaitForResponse
003428ec;FUN_003428ec;JobJoinSession::InitiateConnection
00343330;FUN_00343330;ObjDupProtocol.cpp
0034c5bc;FUN_0034c5bc;SocketTransport::TransportJob
0034d390;FUN_0034d390;SystemComponent.cpp
0034d600;FUN_0034d600;UdsSocketDriver::TransportJob
0034f1bc;FUN_0034f1bc;DuplicatedObject.cpp
0034f94c;FUN_0034f94c;DuplicatedObject.cpp
0034ff58;FUN_0034ff58;DuplicatedObject.cpp
00354fac;FUN_00354fac;MigrationContext.cpp
00355274;FUN_00355274;ObjectThreadRoot.cpp
00358034;FUN_00358034;SessionClockDDL.cpp
00358fcc;FUN_00358fcc;JobConnectStation::DirectConnectViaURLs
00359054;FUN_00359054;JobConnectStation::PrepareURLs
00359130;FUN_00359130;JobConnectStation::ConnectionFailed | JobConnectStation::SelectConnectionTechnique | JobConnectStation::WaitForURLs
00359414;FUN_00359414;JobConnectStation::ConnectionCancelled
00359820;FUN_00359820;JobConnectStation::PrepareURLs | JobConnectStation::RetrieveURLs
0035993c;FUN_0035993c;JobConnectStation::ConnectOrphanStation | JobConnectStation::ConnectionFailed
00359c54;FUN_00359c54;JobConnectStation::ConnectionFailed | JobConnectStation::ProcessConnectOrphanResult
00359e28;FUN_00359e28;JobConnectStation::ProcessConnectionResult | JobConnectStation::SelectConnectionTechnique
00359ff4;FUN_00359ff4;JobConnectStation::ConnectionCancelled
0035a0b4;FUN_0035a0b4;JobConnectStation::CompleteConnection | JobConnectStation::ConnectionFailed | JobConnectStation::SelectConnectionTechnique
0035a2f0;FUN_0035a2f0;JobConnectStation::ConnectionFailed
0035a3b0;FUN_0035a3b0;JobConnectStation::ConnectionFailed | JobConnectStation::ConnectionSucceeded
0035a4e4;FUN_0035a4e4;JobConnectStation::CompleteConnection | JobConnectStation::SelectConnectionTechnique
0035a5f4;FUN_0035a5f4;JobConnectStation::TryConnectViaIncomingEndPointImpl
0035a644;FUN_0035a644;JobConnectStation::TryConnectViaIncomingEndPointImpl
0035a694;FUN_0035a694;JobConnectStation::CompleteConnection | JobConnectStation::SelectConnectionTechnique | JobConnectStation::TryConnectViaIncomingEndPointImpl
0035a780;FUN_0035a780;JobConnectStation::ConnectionFailed | JobConnectStation::ProcessIncomingConnectionResult | JobConnectStation::SelectConnectionTechnique | JobConnectStation::TryConnectViaIncomingEndPointImpl
0035aba8;FUN_0035aba8;JobConnectStation::ConnectionFailed | JobConnectStation::SelectConnectionTechnique | JobConnectStation::TryConnectViaIncomingEndPoint | JobConnectStation::TryConnectViaInitialEndPoint | JobConnectStation::TryConnectViaURLs | JobConnectStation::TryConnectViaUndelete | JobConnectStation::TryWaitingForIncomingEndPoint
0035bcec;FUN_0035bcec;JobConnectEndPoint::ProcessConnectionResult | JobConnectEndPoint::TestCurrentURL
0035be3c;FUN_0035be3c;JobConnectEndPoint::PrepareNATTraversal | JobConnectEndPoint::ResolveCurrentURL | JobConnectEndPoint::SelectConnectionTechnique
0035c06c;FUN_0035c06c;JobConnectEndPoint::ConnectionCancelled
0035c220;FUN_0035c220;JobConnectEndPoint::SelectConnectionTechnique | JobConnectEndPoint::TestCurrentURL
0035c2a8;FUN_0035c2a8;JobConnectEndPoint::WaitForURLResolution
0035c3e0;FUN_0035c3e0;JobConnectEndPoint::TestCurrentURL
0035c6e8;FUN_0035c6e8;JobConnectEndPoint::ResolveCurrentURL | JobConnectEndPoint::WaitForNATTraversal
0035c7e8;FUN_0035c7e8;JobConnectEndPoint::ResolveCurrentURL | JobConnectEndPoint::TestCurrentURL
0035c8b8;FUN_0035c8b8;JobConnectEndPoint::TestCurrentURL
0035c92c;FUN_0035c92c;JobConnectEndPoint::TestCurrentURL | JobConnectEndPoint::TryCurrentURL
0035ca30;FUN_0035ca30;JobConnectEndPoint::ConnectionSucceeded | JobConnectEndPoint::ProcessConnectionFailure
0035cb4c;FUN_0035cb4c;JobConnectEndPoint::CheckForUpdatedURL | JobConnectEndPoint::TestCurrentURL
0035cbf4;FUN_0035cbf4;JobConnectEndPoint::ConnectionFailed
0035ccd0;FUN_0035ccd0;JobConnectEndPoint::SelectConnectionTechnique
0035cd3c;FUN_0035cd3c;JobConnectEndPoint::SortURLs | JobConnectEndPoint::TryConnectViaRouting | JobConnectEndPoint::TryDirectConnect
0035d36c;FUN_0035d36c;JobPerformNATCheck::StepStart | JobPerformNATCheck::StepTest1
0035de3c;FUN_0035de3c;JobPerformNATCheck::StepEnd | JobPerformNATCheck::StepTest1 | JobPerformNATCheck::StepTest2 | JobPerformNATCheck::StepTest3 | JobPerformNATCheck::StepTest4 | JobPerformNATCheck::StepTest5
0035e2c0;FUN_0035e2c0;JobPerformNATCheck::StepEnd
0035e7d8;FUN_0035e7d8;JobPerformNATCheck::StepPreTest
0035eb20;FUN_0035eb20;JobPerformNATCheck::StepEnd | JobPerformNATCheck::StepSendProbeRequest | JobPerformNATCheck::StepStart
0035ef54;FUN_0035ef54;JobPerformNATCheck::StepRecv
0035f06c;FUN_0035f06c;JobPerformNATCheck::StepRun
0035f4ec;FUN_0035f4ec;JobPerformNATCheck::StepEnd | JobPerformNATCheck::StepSend
0035f698;FUN_0035f698;JobPerformNATCheck::StepSend
0035f720;FUN_0035f720;JobPerformNATCheck::StepEnd | JobPerformNATCheck::StepSend
0035f8a8;FUN_0035f8a8;JobPerformNATCheck::StepEnd | JobPerformNATCheck::StepSend
0035fa30;FUN_0035fa30;JobPerformNATCheck::StepPreTest
003605b4;FUN_003605b4;JobTerminateDOCore::SetStationLeavingFlag
00360694;FUN_00360694;JobTerminateDOCore::SetTerminatingState
00360924;FUN_00360924;JobTerminateDOCore::ClearUserDOs
00360c6c;FUN_00360c6c;JobTerminateDOCore::ClearNonWellKnownCoreDOs
00360ea0;FUN_00360ea0;JobTerminateDOCore::GenericExecutionStep
00360ef0;FUN_00360ef0;JobTerminateDOCore::SyncTermination
00360f9c;FUN_00360f9c;JobTerminateDOCore::WaitUntilReadyToTerminate
00361880;FUN_00361880;JobTerminateFacade::InitiateTeardown
003664b4;FUN_003664b4;CallContextRegister::CheckExpiredCalls
0036a654;FUN_0036a654;InstantiationContext.cpp
0036a6b4;FUN_0036a6b4;InstantiationContext.cpp
0036aa1c;FUN_0036aa1c;JobDisconnectStation::InitiateDisconnection
0036ab80;FUN_0036ab80;JobDisconnectStation::QueueEOS
0036accc;FUN_0036accc;JobDisconnectStation::CompleteDisconnection
0036ae14;FUN_0036ae14;JobDisconnectStation::CompleteCancellation
0036aedc;FUN_0036aedc;JobDisconnectStation::WaitForEOS
0036afac;FUN_0036afac;JobDisconnectStation::Init
0036c59c;FUN_0036c59c;PromotionRefereeDDL.cpp
0036dbd4;FUN_0036dbd4;JobProcessJoinRequest::ApproveJoinOperation
0036e0d8;FUN_0036e0d8;JobProcessJoinRequest::SendWelcomeMessage | JobProcessJoinRequest::WaitValidURLs
0036e288;FUN_0036e288;JobProcessJoinRequest::DuplicateOnSessionMaster | JobProcessJoinRequest::JoinFailed
0036e330;FUN_0036e330;JobProcessJoinRequest::MigrateStation
0036e39c;FUN_0036e39c;JobProcessJoinRequest::SendWelcomeMessage | JobProcessJoinRequest::WaitValidURLs
0036e708;FUN_0036e708;JobProcessJoinRequest::WelcomeStation
0036e77c;FUN_0036e77c;JobProcessJoinRequest::CompleteConnection | JobProcessJoinRequest::JoinFailed
0036e8e8;FUN_0036e8e8;JobProcessJoinRequest::JoinFailed | JobProcessJoinRequest::PublishStation
0036ea40;FUN_0036ea40;JobProcessJoinRequest::JoinSuccess
0036eb74;FUN_0036eb74;JobProcessJoinRequest::CreateStation | JobProcessJoinRequest::JoinDenied
0036ec54;FUN_0036ec54;JobProcessJoinRequest::InitiateConnection | JobProcessJoinRequest::JoinDenied
0036ed40;FUN_0036ed40;JobProcessJoinRequest::AddStationToSession | JobProcessJoinRequest::JoinFailed
0036eec8;FUN_0036eec8;JobProcessJoinRequest::WaitForParticipating
0036f138;FUN_0036f138;JobProcessJoinRequest::ReceivedRequest
0036f438;FUN_0036f438;JobTicketManagerLogin::ProcessLoginResult
0036f610;FUN_0036f610;JobTicketManagerLogin::DeriveKey
0036f704;FUN_0036f704;JobTicketManagerLogin::ValidateKey
0036f868;FUN_0036f868;JobTicketManagerLogin::InitiateLogin
00375b38;FUN_00375b38;JobBackEndServicesLogin::ProcessAuthenticationResult
00375cac;FUN_00375cac;JobBackEndServicesLogin::CompleteLogin
00375d90;FUN_00375d90;JobBackEndServicesLogin::DisconnectFromAuthenticationService
00375ebc;FUN_00375ebc;JobBackEndServicesLogin::DetectNATProperties
00375f4c;FUN_00375f4c;JobBackEndServicesLogin::ConnectToAuthenticationService | JobBackEndServicesLogin::ProcessNATPropertiesDetectionResult
003760f8;FUN_003760f8;JobBackEndServicesLogin::RegisterURLs
003761bc;FUN_003761bc;JobBackEndServicesLogin::ProcessSpecialConnResult | JobBackEndServicesLogin::RegisterURLs
00376308;FUN_00376308;JobBackEndServicesLogin::Authenticate
003763cc;FUN_003763cc;JobBackEndServicesLogin::ConnectToSecureConnectionService
00376488;FUN_00376488;JobBackEndServicesLogin::ProcessAuthConnectionResult
00376820;FUN_00376820;JobBackEndServicesLogin::ConnectToSpecialConnection
003768e8;FUN_003768e8;JobBackEndServicesLogin::CompleteLogin | JobBackEndServicesLogin::ProcessSecConnConnectionResult
00376af8;FUN_00376af8;JobBackEndServicesLogin::ProcessAuthDisconnectionResult
00376c08;FUN_00376c08;JobBackEndServicesLogin::ValidateArguments
00377a54;FUN_00377a54;JobBackEndServicesLogout::TerminateStreamManager
00377b88;FUN_00377b88;JobBackEndServicesLogout::CompleteLogout | JobBackEndServicesLogout::WaitForStreamManagerTermination
00377c14;FUN_00377c14;JobBackEndServicesLogout::MarkCredentialsInvalid
00377d10;FUN_00377d10;JobBackEndServicesLogout::CompleteLogout
00377da0;FUN_00377da0;JobBackEndServicesLogout::UnregisterAllProtocols
00377e14;FUN_00377e14;JobBackEndServicesLogout::CompleteLogoutFailure | JobBackEndServicesLogout::DisconnectFromSecureConnectionService
00377eac;FUN_00377eac;JobBackEndServicesLogout::MarkCredentialsInvalid | JobBackEndServicesLogout::ProcessSecConnDisconnectionResult | JobBackEndServicesLogout::UnregisterAllProtocols
0037801c;FUN_0037801c;JobBackEndServicesLogout::CompleteLogoutFailure | JobBackEndServicesLogout::DisconnectFromSecureConnectionService | JobBackEndServicesLogout::MarkCredentialsInvalid | JobBackEndServicesLogout::ProcessSpecialDisconnectionResult | JobBackEndServicesLogout::UnregisterAllProtocols
00378204;FUN_00378204;JobBackEndServicesLogout::DisconnectFromSpecialSecureConnection
0037f464;FUN_0037f464;JobBackEndServicesTerminate::StepInitLogoutIfRequired
0037f4e0;FUN_0037f4e0;JobBackEndServicesTerminate::StepLogoutComplete
0037f5d8;FUN_0037f5d8;JobBackEndServicesTerminate::StepWaitOnPendingJobs
003826fc;FUN_003826fc;JobTicketManagerAcquireTicket::ProcessResponse
00382b0c;FUN_00382b0c;JobTicketManagerAcquireTicket::PrepareCall
00388314;FUN_00388314;Job.cpp
0038a168;FUN_0038a168;Chrono.cpp
0038a254;FUN_0038a254;Chrono.cpp
0038d7b8;FUN_0038d7b8;Session.cpp
0038f61c;FUN_0038f61c;DuplicatedObject.cpp | Station.cpp
00390298;FUN_00390298;Station.cpp
0039158c;FUN_0039158c;JobLogin::StepGetGameAuthentication
00391608;FUN_00391608;JobLogin::StepWaitingForGameLogin
00391bb4;FUN_00391bb4;JobLogin::StepWaitingForRequestAuthenticationToken
00391dec;FUN_00391dec;JobLogin::StepGameLogin | JobLogin::StepRequestAuthenticationToken
003920e8;FUN_003920e8;JobLogin::StepGameLogin
00394bf8;FUN_00394bf8;Scheduler.cpp
003a245c;FUN_003a245c;nwm::UDS
003caa8c;FUN_003caa8c;JobProcessJoinRequest::JoinFailed
003cb66c;FUN_003cb66c;.\src\Boss\FinalBoss\gmFBBg.cpp
003cbf3c;FUN_003cbf3c;.\src\ssBg.cpp
003cc510;FUN_003cc510;.\library\CTRFramework\amLayout.cpp
003cd208;FUN_003cd208;.\src\ssMap.cpp
003cd6b0;FUN_003cd6b0;.\src\lytRes.cpp
003cd85c;FUN_003cd85c;.\src\lytRes.cpp
003cda80;FUN_003cda80;.\src\lytRes.cpp
003cf3b8;FUN_003cf3b8;.\src\Boss\FinalBoss\gmFBMain.cpp
003d381c;FUN_003d381c;.\src\Network\CNetwork.cpp
003d4d08;FUN_003d4d08;.\src\mnCommonLayout.cpp
003d8a00;FUN_003d8a00;.\src\Boss\FinalBoss\gmFBEffect.cpp
003d8efc;FUN_003d8efc;.\src\Boss\FinalBoss\gmFBObstacle.cpp
003dafd4;FUN_003dafd4;.\src\Boss\FinalBoss\gmFBPly.cpp
003db69c;FUN_003db69c;.\src\gmCamera.cpp
003dc44c;FUN_003dc44c;.\src\gmCamera.cpp
003df170;FUN_003df170;.\src\ssGmkMng.cpp
003dfb98;FUN_003dfb98;.\src\ssPly.cpp
003e1880;FUN_003e1880;.\src\gmGmkZ7Special2.cpp | GMK GRAIL_CTRL | GMK GRAIL_LANE
003e2e74;FUN_003e2e74;GAME/PARAM/G_PARAM_RESULT_s_1.bprm
003e6434;FUN_003e6434;EventHandler.cpp
003f88d8;FUN_003f88d8;E2008020104F:CPK Analyzer::Need %d byte more memory. Increase the work area size for Bind CPK.
003f903c;FUN_003f903c;W2008082001:BindFiles:: The work buffer size is too small. | W2008082002:BindFiles:: The work buffer size is too small.
004038fc;FUN_004038fc;E2008072101:CHeap::Not enough memory for Create. | W2008072100:CHeap::Pointer is NULL. | W2008072101:CHeap::Not enough memory for Create.
004057d4;FUN_004057d4;W2011010401:CpkIdAccessTable::CPK without ID information.
0041a15c;FUN_0041a15c;DuplicatedObject.cpp
00435f08;FUN_00435f08;.\library\CTRFramework\amMain.cpp
00436ce0;FUN_00436ce0;.\library\CTRFramework\amMalloc.cpp
00438160;FUN_00438160;.\library\CTRFramework\amTp.cpp
00438290;FUN_00438290;.\library\CTRFramework\amPad.cpp
004384c4;FUN_004384c4;.\library\CTRFramework\amTask.cpp
004389c0;FUN_004389c0;.\library\CTRFramework\amRingFastDraw.cpp
00439008;FUN_00439008;.\library\CTRFramework\amCriADX2.cpp
00439854;FUN_00439854;.\library\CTRFramework\amDebugPrint.cpp
00439bdc;FUN_00439bdc;.\library\CTRFramework\amLayout.cpp
00439ef4;FUN_00439ef4;.\library\CTRFramework\amApplet.cpp
0043a268;FUN_0043a268;.\library\CTRFramework\amCamera.cpp
0043a5ac;FUN_0043a5ac;.\library\CTRFramework\amRenderSystem.cpp
0043a8e0;FUN_0043a8e0;.\library\CTRFramework\amShadow.cpp
0043af7c;FUN_0043af7c;.\library\CTRFramework\amDraw2DPrim.cpp
0043b544;FUN_0043b544;.\library\CTRFramework\amDraw3DPrim.cpp
0043bde4;FUN_0043bde4;.\library\CTRFramework\amDebugScreen.cpp
0043cce8;FUN_0043cce8;.\library\CTRFramework\amCriFS.cpp
0043d938;FUN_0043d938;.\library\CTRFramework\amCriFS.cpp
0043df08;FUN_0043df08;.\library\CTRFramework\amDrawFont.cpp
0043f158;FUN_0043f158;.\library\CTRFramework\amDrawFont.cpp
00440c40;FUN_00440c40;.\src\lytCtr.cpp
00441538;FUN_00441538;.\library\CTRFramework\amLayout.cpp
00442788;FUN_00442788;.\library\CTRFramework\amDrawUtility.cpp
00442de0;FUN_00442de0;.\library\CTRFramework\amAnimLayout.cpp
00442f1c;FUN_00442f1c;.\library\CTRFramework\amDrawLayout.cpp
00448a3c;FUN_00448a3c;.\library\CTRFramework\amCmdList.cpp
00448b00;FUN_00448b00;.\library\CTRFramework\amCmdList.cpp
00485988;FUN_00485988;E2007032000:TocInfo::rtv is null.
00485aec;FUN_00485aec;E2007032000:TocInfo::rtv is null.
